<?xml version="1.0" encoding="UTF-8"?>
<PlatformMessage>
    <Message>
                <TopicName>MLFramework</TopicName>
                <Sender>Platform</Sender>
                <EventType>START</EventType>
                <AppName>ObjectClassifier</AppName>
                <ComponentName>MLFramework</ComponentName>
                <Domain>Aricent</Domain>
                <ProcessId>10201010</ProcessId>
                <JobType>STREAM</JobType>
    </Message>
    <ComponentConfig>
        <Component>
            <ComponentID>002</ComponentID>
            <ComponentParent>MLFramework</ComponentParent>
            <ComponentName>Kafka</ComponentName>
            <PropertyConfig>
                <InputConfiguration>
                    <Property PropertyID="">
                        <PropertyName>category</PropertyName>
                        <PropertyValue>data_sources</PropertyValue>
                    </Property>
                    <Property PropertyID="001">
                        <PropertyName>topic</PropertyName>
                        <PropertyValue>imagearray</PropertyValue>
                    </Property>
                    <Property PropertyID="001">
                        <PropertyName>broker_list</PropertyName>
                        <PropertyValue>0.0.0.1,0.0.0.2</PropertyValue>
                    </Property>
                </InputConfiguration>
                <InputDataFormat/>
                <OutputConfiguration/>
                <OutputDataFormat/>
            </PropertyConfig>
        </Component>
        <Component>
            <ComponentID>002</ComponentID>
            <ComponentParent>MLFramework</ComponentParent>
            <ComponentName>ImageClassification</ComponentName>
            <PropertyConfig>
                <InputConfiguration>
                    <Property PropertyID="">
                        <PropertyName>category</PropertyName>
                        <PropertyValue>action</PropertyValue>
                    </Property>
                    <Property PropertyID="">
                        <PropertyName>action</PropertyName>
                        <PropertyValue>Train</PropertyValue>
                    </Property>
                    <Property PropertyID="">
                        <PropertyName>image_height</PropertyName>
                        <PropertyValue>28</PropertyValue>
                    </Property>
                    <Property PropertyID="">
                        <PropertyName>image_width</PropertyName>
                        <PropertyValue>28</PropertyValue>
                    </Property>
                    <Property PropertyID="002">
                        <PropertyName>num_classes</PropertyName>
                        <PropertyValue>10</PropertyValue>
                    </Property>
                    <Property PropertyID="002">
                        <PropertyName>filter_height</PropertyName>
                        <PropertyValue>5</PropertyValue>
                    </Property>
                    <Property PropertyID="002">
                        <PropertyName>filter_width</PropertyName>
                        <PropertyValue>5</PropertyValue>
                    </Property>
                    <Property PropertyID="002">
                        <PropertyName>num_filters_per_layer</PropertyName>
                        <PropertyValue>32,64</PropertyValue>
                    </Property>
                </InputConfiguration>
                <InputDataFormat/>
                <OutputConfiguration/>
                <OutputDataFormat/>
            </PropertyConfig>
        </Component>
    </ComponentConfig>
</PlatformMessage>